"データ区分","レコード区分","サプライヤコード","企業コード","事業所コード","送付No","データ種別","注文番号","バーコードNo（納品書部）","バーコードNo（物流カード部）","備付マーク","図番","図歴","納期","調達品分野コード","注文数量","単位","管理番号/包装ロット１・２","管理区分/貸方事業所","原因コード","納入先","納入場所","保管場所","棚番","サプライヤ工場区分","次工程送先/支給先","検査区分","保安Ａ部品区分","不良責任部署","発注種類区分","プロジェクトＮｏ","カンバンＮｏ","包装１","包装２","ポスト区分","社内郵便番号","発注処理区分","発注理由区分","検査区分翻訳","経費依頼者名","塗装翻訳","防錆","製造指図","C表No/不良通知Ｎｏ","項番","組織コード","納品書用品名","納品書用品名ｶﾅ","表歴","M歴","部品番号24","仕上重量","総重量","サプライヤ正式名","日立品目対応データ","受注番号","受注項番","ライン区分"
"Y55","1","E820T2","XXXXX","XXX","1266","HH495","41P90559","T041P905590M","FF41P905590M","X","YD40003117","001","20251031","T3","1","7","","00100010","","ﾃｨｴﾗ","ｼｶﾞﾆｳｹ","MP9000","","","","8","0","","T","TAAFE250917001","","","","4","","","","ﾏﾙﾕｳ","","","","5C0009672890","TA-2511-0043","","TA0","ブレード","BLADE","","005","YD40003117_0010-0010","","","ダイソウ工業株式会社","","","","TA"
"Y55","1","E820T2","XXXXX","XXX","1266","HH495","41P90560","T041P905600E","FF41P905600E","X","YD40003117","001","20251031","T3","1","7","","00100010","","ﾃｨｴﾗ","ｼｶﾞﾆｳｹ","MP9000","","","","8","0","","T","TAAFE250917002","","","","4","","","","ﾏﾙﾕｳ","","","","5C0009672891","TA-2511-0066","","TA0","ブレード","BLADE","","005","YD40003117_0010-0010","","","ダイソウ工業株式会社","","","","TA"
"Y55","1","E820T2","XXXXX","XXX","1266","HH495","41P90793","T041P907930M","FF41P907930M","X","YD40005859","000","20251031","T3","1","7","","00100010","","ﾃｨｴﾗ","ｼｶﾞﾆｳｹ","MP9000","","","","8","0","","T","TAAEH250917001","","","","4","","","","ﾏﾙﾕｳ","","","","5C0009669475","TA-2511-0073","","TA0","ブレード","BLADE","","007","YD40005859_0010-0010","","","ダイソウ工業株式会社","","","","TA"
"Y55","1","E820T2","XXXXX","XXX","1266","HH495","41P90794","T041P907940N","FF41P907940N","X","YD40005859","000","20251031","T3","1","7","","00100010","","ﾃｨｴﾗ","ｼｶﾞﾆｳｹ","MP9000","","","","8","0","","T","TAAEP250917001","","","","4","","","","ﾏﾙﾕｳ","","","","5C0009669476","TA-2511-0006","","TA0","ブレード","BLADE","","007","YD40005859_0010-0010","","","ダイソウ工業株式会社","","","","TA"
"Y55","1","E820T2","XXXXX","XXX","1266","HH495","41P90795","T041P907950O","FF41P907950O","X","YD40005860","000","20251031","T3","1","7","","00100010","","ﾃｨｴﾗ","ｼｶﾞﾆｳｹ","MP9000","","","","8","0","","T","TAAEA250917001","","","","4","","","","ﾏﾙﾕｳ","","","","5C0009669477","TA-2511-0057","","TA0","ブレード","BLADE","","008","YD40005860_0010-0010","","","ダイソウ工業株式会社","","","","TA"
"Y55","1","E820T2","XXXXX","XXX","1266","HH495","41P90796","T041P907960P","FF41P907960P","X","YD40005860","000","20251031","T3","1","7","","00100010","","ﾃｨｴﾗ","ｼｶﾞﾆｳｹ","MP9000","","","","8","0","","T","TAAEA250917002","","","","4","","","","ﾏﾙﾕｳ","","","","5C0009669478","TA-2511-0051","","TA0","ブレード","BLADE","","008","YD40005860_0010-0010","","","ダイソウ工業株式会社","","","","TA"
"Y55","1","E820T2","XXXXX","XXX","1266","HH495","41P90797","T041P907970Q","FF41P907970Q","X","YD40005862","000","20251031","T3","1","7","","00100010","","ﾃｨｴﾗ","ｼｶﾞﾆｳｹ","MP9000","","","","8","0","","T","TAAEJ250917001","","","","4","","","","ﾏﾙﾕｳ","","","","5C0009669479","TA-2511-0021","","TA0","ブレード","BLADE","","007","YD40005862_0010-0010","","","ダイソウ工業株式会社","","","","TA"
"Y55","1","E820T2","XXXXX","XXX","1266","HH495","41P90798","T041P907980R","FF41P907980R","X","YD40005862","000","20251031","T3","1","7","","00100010","","ﾃｨｴﾗ","ｼｶﾞﾆｳｹ","MP9000","","","","8","0","","T","TAAEQ250917001","","","","4","","","","ﾏﾙﾕｳ","","","","5C0009669480","TA-2511-0053","","TA0","ブレード","BLADE","","007","YD40005862_0010-0010","","","ダイソウ工業株式会社","","","","TA"
"Y55","1","E820T2","XXXXX","XXX","1266","HH495","41P90799","T041P907990S","FF41P907990S","X","YD40005862","000","20251031","T3","1","7","","00100010","","ﾃｨｴﾗ","ｼｶﾞﾆｳｹ","MP9000","","","","8","0","","T","TAAEQ250917002","","","","4","","","","ﾏﾙﾕｳ","","","","5C0009669481","TA-2511-0080","","TA0","ブレード","BLADE","","007","YD40005862_0010-0010","","","ダイソウ工業株式会社","","","","TA"
"Y55","1","E820T2","XXXXX","XXX","1266","HH495","41P90800","T041P908000B","FF41P908000B","X","YD40005864","000","20251031","T3","1","7","","00100010","","ﾃｨｴﾗ","ｼｶﾞﾆｳｹ","MP9000","","","","8","0","","T","TAAEB250917001","","","","4","","","","ﾏﾙﾕｳ","","","","5C0009669488","TA-2511-0068","","TA0","ブレード","BLADE","","007","YD40005864_0010-0010","","","ダイソウ工業株式会社","","","","TA"
"Y55","1","E820T2","XXXXX","XXX","1266","HH495","41P90801","T041P908010C","FF41P908010C","X","YD40005864","000","20251031","T3","1","7","","00100010","","ﾃｨｴﾗ","ｼｶﾞﾆｳｹ","MP9000","","","","8","0","","T","TAAEB250917002","","","","4","","","","ﾏﾙﾕｳ","","","","5C0009669489","TA-2511-0077","","TA0","ブレード","BLADE","","007","YD40005864_0010-0010","","","ダイソウ工業株式会社","","","","TA"
"Y55","1","E820T2","XXXXX","XXX","1266","HH495","41P90802","T041P908020D","FF41P908020D","X","YD40005864","000","20251031","T3","1","7","","00100010","","ﾃｨｴﾗ","ｼｶﾞﾆｳｹ","MP9000","","","","8","0","","T","TAAEE250917001","","","","4","","","","ﾏﾙﾕｳ","","","","5C0009669482","TA-2511-0002","","TA0","ブレード","BLADE","","007","YD40005864_0010-0010","","","ダイソウ工業株式会社","","","","TA"
"Y55","1","E820T2","XXXXX","XXX","1266","HH495","41P90803","T041P908030E","FF41P908030E","X","YD40005864","000","20251031","T3","1","7","","00100010","","ﾃｨｴﾗ","ｼｶﾞﾆｳｹ","MP9000","","","","8","0","","T","TAAEE250917002","","","","4","","","","ﾏﾙﾕｳ","","","","5C0009669483","TA-2511-0010","","TA0","ブレード","BLADE","","007","YD40005864_0010-0010","","","ダイソウ工業株式会社","","","","TA"
"Y55","1","E820T2","XXXXX","XXX","1266","HH495","41P90804","T041P908040F","FF41P908040F","X","YD40005864","000","20251031","T3","1","7","","00100010","","ﾃｨｴﾗ","ｼｶﾞﾆｳｹ","MP9000","","","","8","0","","T","TAAEE250917004","","","","4","","","","ﾏﾙﾕｳ","","","","5C0009669484","TA-2511-0086","","TA0","ブレード","BLADE","","007","YD40005864_0010-0010","","","ダイソウ工業株式会社","","","","TA"
"Y55","1","E820T2","XXXXX","XXX","1266","HH495","41P90805","T041P908050G","FF41P908050G","X","YD40005864","000","20251031","T3","1","7","","00100010","","ﾃｨｴﾗ","ｼｶﾞﾆｳｹ","MP9000","","","","8","0","","T","TAAEE250917005","","","","4","","","","ﾏﾙﾕｳ","","","","5C0009669485","TA-2511-0037","","TA0","ブレード","BLADE","","007","YD40005864_0010-0010","","","ダイソウ工業株式会社","","","","TA"
"Y55","1","E820T2","XXXXX","XXX","1266","HH495","41P90806","T041P908060H","FF41P908060H","X","YD40005864","000","20251031","T3","1","7","","00100010","","ﾃｨｴﾗ","ｼｶﾞﾆｳｹ","MP9000","","","","8","0","","T","TAAEE250917006","","","","4","","","","ﾏﾙﾕｳ","","","","5C0009669486","TA-2511-0059","","TA0","ブレード","BLADE","","007","YD40005864_0010-0010","","","ダイソウ工業株式会社","","","","TA"
"Y55","1","E820T2","XXXXX","XXX","1266","HH495","41P90807","T041P908070I","FF41P908070I","X","YD40005864","000","20251031","T3","1","7","","00100010","","ﾃｨｴﾗ","ｼｶﾞﾆｳｹ","MP9000","","","","8","0","","T","TAAEE250917007","","","","4","","","","ﾏﾙﾕｳ","","","","5C0009669487","TA-2511-0065","","TA0","ブレード","BLADE","","007","YD40005864_0010-0010","","","ダイソウ工業株式会社","","","","TA"
"Y55","1","E820T2","XXXXX","XXX","1266","HH495","42274345","T0422743450V","FF422743450V","X","3016161314","000","20251105","T3","1","7","","","","ﾃｨｴﾗ","ｼｶﾞﾆｳｹ","MPWL00","","","","8","0","","","TB1","","","","4","","","","ﾏﾙﾕｳ","","","","","","","TB1","フレーム","FRAME","","000","3016161314A001","0.001","0.001","ダイソウ工業株式会社","","","",""
"Y55","1","E820T2","XXXXX","XXX","1266","HH495","42274544","T0422745440W","FF422745440W","X","3114047","001","20251105","T3","10","7","","","","ﾃｨｴﾗ","SCMｿｳｺﾆｳｹ","306152","","","","8","0","","","TA0","","","","4","","","","ﾏﾙﾕｳ","","","","","","","TA0","ブラケット","BRACKET","","000","3114047","0.03","0.3","ダイソウ工業株式会社","","","",""
"Y55","1","E820T2","XXXXX","XXX","1266","HH495","42274547","T0422745470Z","FF422745470Z","X","3114047","001","20251105","T3","94","7","","","","ﾃｨｴﾗ","SCMｿｳｺﾆｳｹ","103367","","","","8","0","","","TA0","","","","4","","","","ﾏﾙﾕｳ","","","","","","","TA0","ブラケット","BRACKET","","000","3114047","0.03","2.82","ダイソウ工業株式会社","","","",""
"Y55","1","E820T2","XXXXX","XXX","1266","HH495","42274549","T04227454901","FF4227454901","X","3114047","001","20251105","T3","8","7","","","","ﾃｨｴﾗ","SCMｿｳｺﾆｳｹ","201312","","","","8","0","","","TA0","","","","4","","","","ﾏﾙﾕｳ","","","","","","","TA0","ブラケット","BRACKET","","000","3114047","0.03","0.24","ダイソウ工業株式会社","","","",""
"Y55","1","E820T2","XXXXX","XXX","1266","HH495","42274563","T0422745630X","FF422745630X","X","3120813","003","20251105","T3","27","7","","","","ﾃｨｴﾗ","SCMｿｳｺﾆｳｹ","207332","","","","8","0","","","TA0","","","","4","","","","ﾏﾙﾕｳ","","","","","","","TA0","プレート","PLATE","","000","3120813","2.59","69.93","ダイソウ工業株式会社","","","",""
"Y55","1","E820T2","XXXXX","XXX","1266","HH495","42274939","T04227493904","FF4227493904","X","3119239","007","20251105","T3","17","7","","","","ﾃｨｴﾗ","SCMｿｳｺﾆｳｹ","207237","","","","8","0","","","TA0","","","","4","","","","ﾏﾙﾕｳ","","","","","","","TA0","プレート","PLATE","","002","3119239","3","51","ダイソウ工業株式会社","","","",""
"Y55","1","E820T2","XXXXX","XXX","1266","HH495","42275495","T04227549502","FF4227549502","X","4276374","006","20251105","T3","74","7","","","","ﾃｨｴﾗ","SCMｿｳｺﾆｳｹ","107423","","","","8","0","","","TA0","","","","4","","","","ﾏﾙﾕｳ","","","","","","","TA0","ストッパ","STOPPER","","000","4276374","0.19","14.06","ダイソウ工業株式会社","","","",""
"Y55","1","E820T2","XXXXX","XXX","1266","HH495","42277489","T04227748907","FF4227748907","X","4667883","002","20251105","T3","40","7","","","","ﾃｨｴﾗ","SCMｿｳｺﾆｳｹ","107306","","","","8","0","","","TA0","","","","4","","","","ﾏﾙﾕｳ","","","","","","","TA0","ストッパ","STOPPER","","000","4667883","0.38","15.2","ダイソウ工業株式会社","","","",""
"Y55","1","E820T2","XXXXX","XXX","1266","HH495","42277824","T04227782400","FF4227782400","X","4668875","002","20251105","T3","228","7","","","","ﾃｨｴﾗ","SCMｿｳｺﾆｳｹ","305454","","","","8","0","","","TA0","","","","4","","","","ﾏﾙﾕｳ","","","","","","","TA0","ストッパ","STOPPER","","000","4668875","0.38","86.64","ダイソウ工業株式会社","","","",""
"Y55","1","E820T2","XXXXX","XXX","1266","HH495","42277872","T04227787203","FF4227787203","X","4672993","002","20251105","T3","14","7","","","","ﾃｨｴﾗ","SCMｿｳｺﾆｳｹ","306451","","","","8","3","","","TA0","","","","4","","","","ﾏﾙﾕｳ","","","","","","","TA0","ストッパ","STOPPER","","000","4672993","0.26","3.64","ダイソウ工業株式会社","","","",""
"Y55","1","E820T2","XXXXX","XXX","1266","HH495","42277877","T04227787708","FF4227787708","X","4672993","002","20251105","T3","10","7","","","","ﾃｨｴﾗ","SCMｿｳｺﾆｳｹ","205242","","","","8","3","","","TA0","","","","4","","","","ﾏﾙﾕｳ","","","","","","","TA0","ストッパ","STOPPER","","000","4672993","0.26","2.6","ダイソウ工業株式会社","","","",""
"Y55","1","E820T2","XXXXX","XXX","1266","HH495","42277892","T04227789205","FF4227789205","X","4643370","001","20251105","T3","8","7","","","","ﾃｨｴﾗ","SCMｿｳｺﾆｳｹ","103457","","","","8","0","","","TA0","","","","4","","","","ﾏﾙﾕｳ","","","","","","","TA0","ストッパ","STOPPER","","000","4643370","0.21","1.68","ダイソウ工業株式会社","","","",""
"Y55","1","E820T2","XXXXX","XXX","1266","HH495","42278328","T04227832800","FF4227832800","X","8102883","005","20251106","T3","2","7","","00100010","","ﾃｨｴﾗ","ｼｶﾞﾆｳｹ","MP9000","","","","8","0","","","TA0","","","","4","","","","ﾏﾙﾕｳ","","","","5C0009669285","","","TA0","ブレード","BLADE","","000","8102883_0010-0010","","","ダイソウ工業株式会社","","","",""
"Y55","1","E820T2","XXXXX","XXX","1266","HH495","42278915","T04227891502","FF4227891502","X","4687871","000","20251105","T3","435","7","","","","ﾃｨｴﾗ","SCMｿｳｺﾆｳｹ","103347","","","","8","0","","","TA0","","","","4","","","","ﾏﾙﾕｳ","","","","","","","TA0","ブラケット","BRACKET","","000","4687871","0.01","4.35","ダイソウ工業株式会社","","","",""
"Y55","1","E820T2","XXXXX","XXX","1266","HH495","42278919","T04227891906","FF4227891906","X","4687871","000","20251105","T3","57","7","","","","ﾃｨｴﾗ","SCMｿｳｺﾆｳｹ","209339","","","","8","0","","","TA0","","","","4","","","","ﾏﾙﾕｳ","","","","","","","TA0","ブラケット","BRACKET","","000","4687871","0.01","0.57","ダイソウ工業株式会社","","","",""
"Y55","1","E820T2","XXXXX","XXX","1266","HH495","42278925","T04227892503","FF4227892503","X","4687871","000","20251105","T3","318","7","","","","ﾃｨｴﾗ","SCMｿｳｺﾆｳｹ","305433","","","","8","0","","","TA0","","","","4","","","","ﾏﾙﾕｳ","","","","","","","TA0","ブラケット","BRACKET","","000","4687871","0.01","3.18","ダイソウ工業株式会社","","","",""
"Y55","1","E820T2","XXXXX","XXX","1266","HH495","42278933","T04227893302","FF4227893302","X","4687871","000","20251105","T3","10","7","","","","ﾃｨｴﾗ","SCMｿｳｺﾆｳｹ","407218","","","","8","0","","","TA0","","","","4","","","","ﾏﾙﾕｳ","","","","","","","TA0","ブラケット","BRACKET","","000","4687871","0.01","0.1","ダイソウ工業株式会社","","","",""
"Y55","1","E820T2","XXXXX","XXX","1266","HH495","42278938","T04227893807","FF4227893807","X","4687871","000","20251105","T3","15","7","","","","ﾃｨｴﾗ","SCMｿｳｺﾆｳｹ","LD0000","A-4300","","","8","0","","","TA0","","","","4","","","","ﾏﾙﾕｳ","","","","","","","TA0","ブラケット","BRACKET","","000","4687871","0.01","0.15","ダイソウ工業株式会社","","","",""
"Y55","1","E820T2","XXXXX","XXX","1266","HH495","42279112","T0422791120S","FF422791120S","X","8103197","002","20251105","T3","3","7","","","","ﾃｨｴﾗ","KA9593ﾆｳｹ","KA9593","","","","8","0","","","TA0","","","","4","","","","ﾏﾙﾕｳ","","","","","","","TA0","ブラケット","BRACKET","","000","8103197XXXA001","0.21","0.63","ダイソウ工業株式会社","","","",""
"Y55","1","E820T2","XXXXX","XXX","1266","HH495","42279190","T0422791900Y","FF422791900Y","X","8109675","000","20251105","T3","1","7","","","","ﾃｨｴﾗ","KA9593ﾆｳｹ","KA9593","","","","8","0","","","TA0","","","","4","","","","ﾏﾙﾕｳ","","","","","","","TA0","ブラケット","BRACKET","","000","8109675XXXA001","0.21","0.21","ダイソウ工業株式会社","","","",""
"Y55","1","E820T2","XXXXX","XXX","1266","HH495","42279469","T04227946907","FF4227946907","X","8103213","001","20251105","T3","3","7","","","","ﾃｨｴﾗ","KA9593ﾆｳｹ","KA9593","","","","8","3","","","TA0","","","","4","","","","ﾏﾙﾕｳ","","","","","","","TA0","ペダル","PEDAL","","000","8103213XXXA001","0.46","1.38","ダイソウ工業株式会社","","","",""
"Y55","1","E820T2","XXXXX","XXX","1266","HH495","42279486","T04227948606","FF4227948606","X","7042491","001","20251105","T3","1","7","","","","ﾃｨｴﾗ","SCMｿｳｺﾆｳｹ","LD0000","A-4100","","","8","0","","","TA0","","","","4","","","","ﾏﾙﾕｳ","","","","","","","TA0","ブラケット","BRACKET","","000","7042491","2.13","2.13","ダイソウ工業株式会社","","","",""
"Y55","1","E820T2","XXXXX","XXX","1266","HH495","42279718","T04227971804","FF4227971804","X","8103212","002","20251105","T3","3","7","","","","ﾃｨｴﾗ","KA9593ﾆｳｹ","KA9593","","","","8","0","","","TA0","","","","4","","","","ﾏﾙﾕｳ","","","","","","","TA0","ストッパ","STOPPER","","000","8103212XXXA001","0.12","0.36","ダイソウ工業株式会社","","","",""
"Y55","1","E820T2","XXXXX","XXX","1266","HH495","42279774","T04227977406","FF4227977406","X","9766876","002","20251105","T3","2","7","","","","ﾃｨｴﾗ","SCMｿｳｺﾆｳｹ","LD0000","N-3400","","","8","0","","","TA0","","","","4","","","","ﾏﾙﾕｳ","","","","","","","TA0","ブラケット","BRACKET","","000","9766876","0.31","0.62","ダイソウ工業株式会社","","","",""
"Y55","1","E820T2","XXXXX","XXX","1266","HH495","42279787","T0422797870A","FF422797870A","X","8109677","000","20251105","T3","1","7","","","","ﾃｨｴﾗ","KA9593ﾆｳｹ","KA9593","","","","8","0","","","TA0","","","","4","","","","ﾏﾙﾕｳ","","","","","","","TA0","ストッパ","STOPPER","","000","8109677XXXA001","0.14","0.14","ダイソウ工業株式会社","","","",""
"Y55","1","E820T2","XXXXX","XXX","1266","HH495","42279892","T04227989207","FF4227989207","X","9738322","001","20251105","T3","5","7","","","","ﾃｨｴﾗ","ｼｶﾞﾆｳｹ","W04001","","","","8","0","","","TA0","","","","4","","","","ﾏﾙﾕｳ","","","","","","","TA0","シート；スクリュ","SEAT;SCREW","","001","9738322","0.23","1.15","ダイソウ工業株式会社","","","",""
"Y55","1","E820T2","XXXXX","XXX","1266","HH495","42279933","T04227993303","FF4227993303","X","8106287","002","20251105","T3","5","7","","","","ﾃｨｴﾗ","SCMｿｳｺﾆｳｹ","108422","","","","8","0","","","TA0","","","","4","","","","ﾏﾙﾕｳ","","","","","","","TA0","ブラケット","BRACKET","","000","8106287","0.2","1","ダイソウ工業株式会社","","","",""
"Y55","1","E820T2","XXXXX","XXX","1266","HH495","42279995","T0422799950B","FF422799950B","X","8109686","002","20251105","T3","1","7","","","","ﾃｨｴﾗ","KA9593ﾆｳｹ","KA9593","","","","8","3","","","TA0","","","","4","","","","ﾏﾙﾕｳ","","","","","","","TA0","ペダル","PEDAL","","000","8109686XXXA001","0.46","0.46","ダイソウ工業株式会社","","","",""
"Y55","1","E820T2","XXXXX","XXX","1266","HH495","42280090","T0422800900P","FF422800900P","X","7039100","005","20251105","T3","1","7","","","","ﾃｨｴﾗ","KA9593ﾆｳｹ","KA9593","","","","8","0","","","TA0","","","","4","","","","ﾏﾙﾕｳ","","","","","","","TA0","グリル","GRILLE","","000","7039100XXXA002","0.53","0.53","ダイソウ工業株式会社","","","",""
"Y55","1","E820T2","XXXXX","XXX","1266","HH495","42280175","T0422801750T","FF422801750T","X","8102890","007","20251106","T3","2","7","","00100010","","ﾃｨｴﾗ","ｼｶﾞﾆｳｹ","MP9000","","","","8","0","","","TA0","","","","4","","","","ﾏﾙﾕｳ","","","","5C0009669287","","","TA0","ブレード","BLADE","","001","8102890_0010-0010","","","ダイソウ工業株式会社","","","",""
"Y55","1","E820T2","XXXXX","XXX","1266","HH495","42280374","T0422803740U","FF422803740U","X","9756997","000","20251105","T3","10","7","","","","ﾃｨｴﾗ","SCMｿｳｺﾆｳｹ","LD0000","Q-1100","","","8","0","","","TA0","","","","4","","","","ﾏﾙﾕｳ","","","","","","","TA0","クランプ；ホース","CLAMP;HOSE","","000","9756997","0.16","1.6","ダイソウ工業株式会社","","","",""
"Y55","1","E820T2","XXXXX","XXX","1266","HH495","42280762","T0422807620V","FF422807620V","X","8102884","005","20251106","T3","2","7","","00100010","","ﾃｨｴﾗ","ｼｶﾞﾆｳｹ","MP9000","","","","8","0","","","TA0","","","","4","","","","ﾏﾙﾕｳ","","","","5C0009669286","","","TA0","ブレード","BLADE","","000","8102884_0010-0010","","","ダイソウ工業株式会社","","","",""
"Y55","1","E820T2","XXXXX","XXX","1266","HH495","42281065","T0422810650S","FF422810650S","X","9766006","000","20251105","T3","3","7","","","","ﾃｨｴﾗ","KA9593ﾆｳｹ","KA9593","","","","8","0","","","TA0","","","","4","","","","ﾏﾙﾕｳ","","","","","","","TA0","ブラケット","BRACKET","","000","9766006XXXA001","0.15","0.45","ダイソウ工業株式会社","","","",""
"Y55","1","E820T2","XXXXX","XXX","1266","HH495","42281453","T0422814530T","FF422814530T","X","YA40030738","001","20251105","T3","5","7","","","","ﾃｨｴﾗ","ﾐﾅｸﾁｿｳｺﾆｳｹ","560210","","","","8","0","","","TB1","","","","4","","","","ﾏﾙﾕｳ","","","","","","","TB1","ブラケット","BRACKET","","000","YA40030738","0.269","1.345","ダイソウ工業株式会社","","","",""
"Y55","1","E820T2","XXXXX","XXX","1266","HH495","42281638","T0422816380Y","FF422816380Y","X","9766167","002","20251105","T3","2","7","","","","ﾃｨｴﾗ","SCMｿｳｺﾆｳｹ","LD0000","N-3400","","","8","0","","","TA0","","","","4","","","","ﾏﾙﾕｳ","","","","","","","TA0","ストッパ","STOPPER","","000","9766167","0.16","0.32","ダイソウ工業株式会社","","","",""
"Y55","1","E820T2","XXXXX","XXX","1266","HH495","42283629","T04228362900","FF4228362900","X","YD00002837","001","20251105","T3","20","7","","","","ﾃｨｴﾗ","SCMｿｳｺﾆｳｹ","306305","","","","8","0","","","TA0","","","","4","","","","ﾏﾙﾕｳ","","","","","","","TA0","スペーサ","SPACER","","000","YD00002837","0.44","8.8","ダイソウ工業株式会社","","","",""
"Y55","1","E820T2","XXXXX","XXX","1266","HH495","42283697","T04228369705","FF4228369705","X","YD00000399","000","20251105","T3","80","7","","","","ﾃｨｴﾗ","SCMｿｳｺﾆｳｹ","306466","","","","8","0","","","TA0","","","","4","","","","ﾏﾙﾕｳ","","","","","","","TA0","ストッパ","STOPPER","","000","YD00000399","0.37","29.6","ダイソウ工業株式会社","","","",""
"Y55","1","E820T2","XXXXX","XXX","1266","HH495","42283704","T0422837040U","FF422837040U","X","YD00000399","000","20251105","T3","40","7","","","","ﾃｨｴﾗ","SCMｿｳｺﾆｳｹ","103249","","","","8","0","","","TA0","","","","4","","","","ﾏﾙﾕｳ","","","","","","","TA0","ストッパ","STOPPER","","000","YD00000399","0.37","14.8","ダイソウ工業株式会社","","","",""
"Y55","1","E820T2","XXXXX","XXX","1266","HH495","42283887","T04228388706","FF4228388706","X","YD00000881","000","20251105","T3","58","7","","","","ﾃｨｴﾗ","SCMｿｳｺﾆｳｹ","305256","","","","8","0","","","TA0","","","","4","","","","ﾏﾙﾕｳ","","","","","","","TA0","ストッパ","STOPPER","","000","YD00000881","0.294","17.052","ダイソウ工業株式会社","","","",""
"Y55","1","E820T2","XXXXX","XXX","1266","HH495","42283893","T04228389303","FF4228389303","X","YD00000881","000","20251105","T3","116","7","","","","ﾃｨｴﾗ","SCMｿｳｺﾆｳｹ","104422","","","","8","0","","","TA0","","","","4","","","","ﾏﾙﾕｳ","","","","","","","TA0","ストッパ","STOPPER","","000","YD00000881","0.294","34.104","ダイソウ工業株式会社","","","",""
"Y55","1","E820T2","XXXXX","XXX","1266","HH495","42284789","T04228478908","FF4228478908","X","YD00003669","003","20251105","T3","1","7","","","","ﾃｨｴﾗ","SCMｿｳｺﾆｳｹ","209306","","","","8","0","","","TA0","","","","4","","","","ﾏﾙﾕｳ","","","","","","","TA0","ブラケット","BRACKET","","000","YD00003669","3.7","3.7","ダイソウ工業株式会社","","","",""
"Y55","1","E820T2","XXXXX","XXX","1266","HH495","42287591","T04228759102","FF4228759102","X","YD00005547","001","20251105","T3","16","7","","","","ﾃｨｴﾗ","SCMｿｳｺﾆｳｹ","105266","","","","8","0","","","TA0","","","","4","","","","ﾏﾙﾕｳ","","","","","","","TA0","ストッパ","STOPPER","","000","YD00005547","0.41","6.56","ダイソウ工業株式会社","","","",""
"Y55","1","E820T2","XXXXX","XXX","1266","HH495","42288198","T04228819806","FF4228819806","X","YD00013536","000","20251105","T3","3","7","","","","ﾃｨｴﾗ","SCMｿｳｺﾆｳｹ","210337","","","","8","0","","","TA0","","","","4","","","","ﾏﾙﾕｳ","","","","","","","TA0","プレート","PLATE","","000","YD00013536","1.02","3.06","ダイソウ工業株式会社","","","",""
"Y55","1","E820T2","XXXXX","XXX","1266","HH495","42289264","T04228926401","FF4228926401","X","YD40001339","000","20251105","T3","1","7","","","","ﾃｨｴﾗ","KA9593ﾆｳｹ","KA9593","","","","8","0","","","TA0","","","","4","","","","ﾏﾙﾕｳ","","","","","","","TA0","ボックス","BOX","","000","YD40001339A001","17.4","17.4","ダイソウ工業株式会社","","","",""
"Y55","1","E820T2","XXXXX","XXX","1266","HH495","42289269","T04228926906","FF4228926906","X","YD40001340","003","20251106","T3","5","7","","00100010","","ﾃｨｴﾗ","ｼｶﾞﾆｳｹ","MP9000","","","","8","0","","","TA0","","","","4","","","","ﾏﾙﾕｳ","","","","5C0009671706","","","TA0","ブレード","BLADE","","001","YD40001340_0010-0010","","","ダイソウ工業株式会社","","","",""
"Y55","1","E820T2","XXXXX","XXX","1266","HH495","42289681","T04228968104","FF4228968104","X","YD00009682","000","20251105","T3","266","7","","","","ﾃｨｴﾗ","SCMｿｳｺﾆｳｹ","109121","","","","8","0","","","TA0","","","","4","","","","ﾏﾙﾕｳ","","","","","","","TA0","ブラケット","BRACKET","","000","YD00009682","0.01","2.66","ダイソウ工業株式会社","","","",""
"Y55","1","E820T2","XXXXX","XXX","1266","HH495","42289687","T0422896870A","FF422896870A","X","YD00009682","000","20251105","T3","42","7","","","","ﾃｨｴﾗ","SCMｿｳｺﾆｳｹ","309232","","","","8","0","","","TA0","","","","4","","","","ﾏﾙﾕｳ","","","","","","","TA0","ブラケット","BRACKET","","000","YD00009682","0.01","0.42","ダイソウ工業株式会社","","","",""
"Y55","1","E820T2","XXXXX","XXX","1266","HH495","42289813","T04228981301","FF4228981301","X","YD40002682","002","20251105","T3","42","7","","","","ﾃｨｴﾗ","KA9593ﾆｳｹ","KA9593","","","","8","0","","","TA0","","","","4","","","","ﾏﾙﾕｳ","","","","","","","TA0","カバー","COVER","","002","YD40002682A001","3.15","132.3","ダイソウ工業株式会社","","","",""
"Y55","1","E820T2","XXXXX","XXX","1266","HH495","42289908","T04228990806","FF4228990806","X","YD40002946","007","20251105","T3","2","7","","","","ﾃｨｴﾗ","KA9699ﾆｳｹ","KA9699","","","","8","3","","","TA0","","","","4","","","","ﾏﾙﾕｳ","","","","","","","TA0","フロア","FLOOR","","000","YD40002946A001","50.025","100.05","ダイソウ工業株式会社","","","",""
"Y55","1","E820T2","XXXXX","XXX","1266","HH495","42290174","T0422901740T","FF422901740T","X","YD40001643","001","20251105","T3","1","7","","","","ﾃｨｴﾗ","SCMｿｳｺﾆｳｹ","307350","","","","8","0","","","TA0","","","","4","","","","ﾏﾙﾕｳ","","","","","","","TA0","ブラケット","BRACKET","","000","YD40001643","0.857","0.857","ダイソウ工業株式会社","","","",""
"Y55","1","E820T2","XXXXX","XXX","1266","HH495","42290446","T0422904460V","FF422904460V","X","YD40001049","001","20251105","T3","2","7","","","","ﾃｨｴﾗ","KA9593ﾆｳｹ","KA9593","","","","8","0","","T","TS","","","","4","","","","ﾏﾙﾕｳ","","","","","","","TS2","ブラケット","BRACKET","","000","YD40001049A001","2.39","4.78","ダイソウ工業株式会社","","","",""
"Y55","1","E820T2","XXXXX","XXX","1266","HH495","42290604","T0422906040R","FF422906040R","X","YD40004910","007","20251106","T3","14","7","","00100010","","ﾃｨｴﾗ","SCMｿｳｺﾆｳｹ","109430","","","","8","0","","","TA0","","","","4","","","","ﾏﾙﾕｳ","","","","5C0009673355","","","TA0","ブラケット","BRACKET","","003","YD40004910_0010-0010","","","ダイソウ工業株式会社","","","",""
"Y55","1","E820T2","XXXXX","XXX","1266","HH495","42290737","T0422907370Y","FF422907370Y","X","YD00011667","000","20251105","T3","112","7","","","","ﾃｨｴﾗ","SCMｿｳｺﾆｳｹ","109449","","","","8","0","","","TA0","","","","4","","","","ﾏﾙﾕｳ","","","","","","","TA0","ストッパ","STOPPER","","000","YD00011667","0.408","45.696","ダイソウ工業株式会社","","","",""
"Y55","1","E820T2","XXXXX","XXX","1266","HH495","42290753","T0422907530W","FF422907530W","X","YD40005032","002","20251105","T3","14","7","","","","ﾃｨｴﾗ","SCMｿｳｺﾆｳｹ","109433","","","","8","0","","","TA0","","","","4","","","","ﾏﾙﾕｳ","","","","","","","TA0","カバー","COVER","","001","YD40005032","0.993","13.902","ダイソウ工業株式会社","","","",""
"Y55","1","E820T2","XXXXX","XXX","1266","HH495","42290795","T04229079502","FF4229079502","X","YD40002199","000","20251106","T3","6","7","","00100010","","ﾃｨｴﾗ","ｼｶﾞﾆｳｹ","MP9000","","","","8","0","","","TA0","","","","4","","","","ﾏﾙﾕｳ","","","","5C0009671993","","","TA0","ブレード","BLADE","","002","YD40002199_0010-0010","","","ダイソウ工業株式会社","","","",""
"Y55","1","E820T2","XXXXX","XXX","1266","HH495","42290828","T0422908280Z","FF422908280Z","X","YD40000553","023","20251106","T3","10","7","","00100010","","ﾃｨｴﾗ","ｼｶﾞﾆｳｹ","W01003","","","","8","3","","","TA0","","","","4","","","","ﾏﾙﾕｳ","","","","5C0009671370","","","TA0","プレート１３","BLOCK","","001","YD40000553B913_0010-0010","","","ダイソウ工業株式会社","","","",""
"Y55","1","E820T2","XXXXX","XXX","1266","HH495","42291314","T0422913140Q","FF422913140Q","X","YD40001881","000","20251105","T3","1","7","","","","ﾃｨｴﾗ","KA9593ﾆｳｹ","KA9593","","","","8","0","","","TA0","","","","4","","","","ﾏﾙﾕｳ","","","","","","","TA0","ボックス","BOX","","000","YD40001881A001","21.1","21.1","ダイソウ工業株式会社","","","",""
"Y55","1","E820T2","XXXXX","XXX","1266","HH495","42291317","T0422913170T","FF422913170T","X","YD40006499","002","20251105","T3","2","7","","","","ﾃｨｴﾗ","KA9593ﾆｳｹ","KA9593","","","","8","0","","","TA0","","","","4","","","","ﾏﾙﾕｳ","","","","","","","TA0","ブラケット","BRACKET","","002","YD40006499A001","19","38","ダイソウ工業株式会社","","","",""
"Y55","1","E820T2","XXXXX","XXX","1266","HH495","42291560","T0422915600T","FF422915600T","X","YD40002974","004","20251105","T3","3","7","","","","ﾃｨｴﾗ","KA9593ﾆｳｹ","KA9593","","","","8","0","","","TA0","","","","4","","","","ﾏﾙﾕｳ","","","","","","","TA0","カバー","COVER","","000","YD40002974A001","9.11","27.33","ダイソウ工業株式会社","","","",""
"Y55","1","E820T2","XXXXX","XXX","1266","HH495","42291564","T0422915640X","FF422915640X","X","YD40002876","000","20251105","T3","19","7","","","","ﾃｨｴﾗ","KA9515ﾆｳｹ","KA9515","","","","8","0","","","TA0","","","","4","","","","ﾏﾙﾕｳ","","","","","","","TA0","ブラケット","BRACKET","","000","YD40002876A001","16.13","306.47","ダイソウ工業株式会社","","","",""
"Y55","1","E820T2","XXXXX","XXX","1266","HH495","42291665","T0422916650Z","FF422916650Z","X","YD40000211","002","20251105","T3","7","7","","","","ﾃｨｴﾗ","SCMｿｳｺﾆｳｹ","LD0000","N-4400","","","8","3","","","TA0","","","","4","","","","ﾏﾙﾕｳ","","","","","","","TA0","ペダル","PEDAL","","000","YD40000211","0.34","2.38","ダイソウ工業株式会社","","","",""
"Y55","1","E820T2","XXXXX","XXX","1266","HH495","42291791","T0422917910Z","FF422917910Z","X","YD40000693","005","20251105","T3","8","7","","","","ﾃｨｴﾗ","KA9593ﾆｳｹ","KA9593","","","","8","0","","","TA0","","","","4","","","","ﾏﾙﾕｳ","","","","","","","TA0","カバー","COVER","","002","YD40000693A001","3.48","27.84","ダイソウ工業株式会社","","","",""
"Y55","1","E820T2","XXXXX","XXX","1266","HH495","42291825","T0422918250X","FF422918250X","X","YD40006124","000","20251105","T3","4","7","","","","ﾃｨｴﾗ","KA9593ﾆｳｹ","KA9593","","","","8","0","","","TA0","","","","4","","","","ﾏﾙﾕｳ","","","","","","","TA0","ブラケット","BRACKET","","000","YD40006124A001","5.71","22.84","ダイソウ工業株式会社","","","",""
"Y55","1","E820T2","XXXXX","XXX","1266","HH495","42292088","T0422920880Z","FF422920880Z","X","YD40001789","009","20251105","T3","8","7","","","","ﾃｨｴﾗ","KA9593ﾆｳｹ","KA9593","","","","8","0","","","TA0","","","","4","","","","ﾏﾙﾕｳ","","","","","","","TA0","ブラケット","BRACKET","","001","YD40001789A001","20","160","ダイソウ工業株式会社","","","",""
"Y55","1","E820T2","XXXXX","XXX","1266","HH495","42292141","T0422921410P","FF422921410P","X","YD40004423","000","20251105","T3","1","7","","","","ﾃｨｴﾗ","KA9593ﾆｳｹ","KA9593","","","","8","0","","","TA0","","","","4","","","","ﾏﾙﾕｳ","","","","","","","TA0","ブラケット","BRACKET","","000","YD40004423A001","8.89","8.89","ダイソウ工業株式会社","","","",""
"Y55","1","E820T2","XXXXX","XXX","1266","HH495","42292272","T0422922720U","FF422922720U","X","YD40006236","001","20251105","T3","22","7","","","","ﾃｨｴﾗ","KA9593ﾆｳｹ","KA9593","","","","8","0","","","TA0","","","","4","","","","ﾏﾙﾕｳ","","","","","","","TA0","カバー","COVER","","001","YD40006236A001","0.824","18.128","ダイソウ工業株式会社","","","",""
"Y55","1","E820T2","XXXXX","XXX","1266","HH495","42292305","T0422923050R","FF422923050R","X","YD40007003","003","20251105","T3","2","7","","","","ﾃｨｴﾗ","KA9699ﾆｳｹ","KA9699","","","","8","3","","","TA0","","","","4","","","","ﾏﾙﾕｳ","","","","","","","TA0","フロア","FLOOR","","003","YD40007003A001","69.6","139.2","ダイソウ工業株式会社","","","",""
"Y55","1","E820T2","XXXXX","XXX","1266","HH495","42292311","T0422923110O","FF422923110O","X","YD40007003","003","20251105","T3","2","7","","","","ﾃｨｴﾗ","KA9699ﾆｳｹ","KA9699","","","","8","3","","","TA0","","","","4","","","","ﾏﾙﾕｳ","","","","","","","TA0","フロア","FLOOR","","003","YD40007003A001","69.6","139.2","ダイソウ工業株式会社","","","",""
"Y55","1","E820T2","XXXXX","XXX","1266","HH495","42292318","T0422923180V","FF422923180V","X","YD40007003","003","20251105","T3","2","7","","","","ﾃｨｴﾗ","KA9699ﾆｳｹ","KA9699","","","","8","3","","","TA0","","","","4","","","","ﾏﾙﾕｳ","","","","","","","TA0","フロア","FLOOR","","003","YD40007003A001","69.6","139.2","ダイソウ工業株式会社","","","",""
"Y55","1","E820T2","XXXXX","XXX","1266","HH495","42292425","T0422924250U","FF422924250U","X","YD40002936","003","20251105","T3","5","7","","","","ﾃｨｴﾗ","KA9593ﾆｳｹ","KA9593","","","","8","0","","","TA0","","","","4","","","","ﾏﾙﾕｳ","","","","","","","TA0","カバー","COVER","","001","YD40002936A001","1.77","8.85","ダイソウ工業株式会社","","","",""
"Y55","1","E820T2","XXXXX","XXX","1266","HH495","42292513","T0422925130S","FF422925130S","X","YD40007722","006","20251105","T3","1","7","","","","ﾃｨｴﾗ","KA9699ﾆｳｹ","KA9699","","","","8","3","","","TA0","","","","4","","","","ﾏﾙﾕｳ","","","","","","","TA0","フロア","FLOOR","","006","YD40007722A001","71.9","71.9","ダイソウ工業株式会社","","","",""
"Y55","1","E820T2","XXXXX","XXX","1266","HH495","42292526","T0422925260W","FF422925260W","X","YD40006237","004","20251105","T3","2","7","","","","ﾃｨｴﾗ","KA9699ﾆｳｹ","KA9699","","","","8","3","","","TA0","","","","4","","","","ﾏﾙﾕｳ","","","","","","","TA0","フロア","FLOOR","","004","YD40006237A001","71","142","ダイソウ工業株式会社","","","",""
"Y55","1","E820T2","XXXXX","XXX","1266","HH495","42292568","T04229256802","FF4229256802","X","YD40006741","001","20251105","T3","3","7","","","","ﾃｨｴﾗ","SCMｿｳｺﾆｳｹ","210445","","","","8","0","","","TA0","","","","4","","","","ﾏﾙﾕｳ","","","","","","","TA0","ブラケット","BRACKET","","001","YD40006741","0.644","1.932","ダイソウ工業株式会社","","","",""
"Y55","1","E820T2","XXXXX","XXX","1266","HH495","42292713","T0422927130U","FF422927130U","X","YD40002740","000","20251105","T3","1","7","","","","ﾃｨｴﾗ","KA9593ﾆｳｹ","KA9593","","","","8","0","","","TA0","","","","4","","","","ﾏﾙﾕｳ","","","","","","","TA0","ブラケット","BRACKET","","000","YD40002740A001","1.08","1.08","ダイソウ工業株式会社","","","",""
"Y55","1","E820T2","XXXXX","XXX","1266","HH495","42292721","T0422927210T","FF422927210T","X","YD40006820","002","20251105","T3","7","7","","","","ﾃｨｴﾗ","KA9593ﾆｳｹ","KA9593","","","","8","0","","","TA0","","","","4","","","","ﾏﾙﾕｳ","","","","","","","TA0","カバー","COVER","","001","YD40006820A001","1.09","7.63","ダイソウ工業株式会社","","","",""
"Y55","1","E820T2","XXXXX","XXX","1266","HH495","42292733","T0422927330W","FF422927330W","X","YD40006821","003","20251105","T3","2","7","","","","ﾃｨｴﾗ","KA9593ﾆｳｹ","KA9593","","","","8","0","","","TA0","","","","4","","","","ﾏﾙﾕｳ","","","","","","","TA0","カバー","COVER","","003","YD40006821A001","2.97","5.94","ダイソウ工業株式会社","","","",""
"Y55","1","E820T2","XXXXX","XXX","1266","HH495","42292748","T04229274802","FF4229274802","X","YD40007231","002","20251105","T3","1","7","","","","ﾃｨｴﾗ","KA9593ﾆｳｹ","KA9593","","","","8","0","","","TA0","","","","4","","","","ﾏﾙﾕｳ","","","","","","","TA0","スタンド","STAND","","002","YD40007231A001","22.48","22.48","ダイソウ工業株式会社","","","",""
"Y55","1","E820T2","XXXXX","XXX","1266","HH495","42292795","T04229279504","FF4229279504","X","YD40006630","003","20251105","T3","2","7","","","","ﾃｨｴﾗ","KA9699ﾆｳｹ","KA9699","","","","8","3","","","TA0","","","","4","","","","ﾏﾙﾕｳ","","","","","","","TA0","フロア","FLOOR","","003","YD40006630A001","70.2","140.4","ダイソウ工業株式会社","","","",""
"Y55","1","E820T2","XXXXX","XXX","1266","HH495","42292801","T0422928010S","FF422928010S","X","YD40006630","003","20251105","T3","2","7","","","","ﾃｨｴﾗ","KA9699ﾆｳｹ","KA9699","","","","8","3","","","TA0","","","","4","","","","ﾏﾙﾕｳ","","","","","","","TA0","フロア","FLOOR","","003","YD40006630A001","70.2","140.4","ダイソウ工業株式会社","","","",""
"Y55","1","E820T2","XXXXX","XXX","1266","HH495","42292806","T0422928060X","FF422928060X","X","YD40006630","003","20251105","T3","2","7","","","","ﾃｨｴﾗ","KA9699ﾆｳｹ","KA9699","","","","8","3","","","TA0","","","","4","","","","ﾏﾙﾕｳ","","","","","","","TA0","フロア","FLOOR","","003","YD40006630A001","70.2","140.4","ダイソウ工業株式会社","","","",""
"Y55","1","E820T2","XXXXX","XXX","1266","HH495","42292813","T0422928130V","FF422928130V","X","YD40006630","003","20251105","T3","2","7","","","","ﾃｨｴﾗ","KA9699ﾆｳｹ","KA9699","","","","8","3","","","TA0","","","","4","","","","ﾏﾙﾕｳ","","","","","","","TA0","フロア","FLOOR","","003","YD40006630A001","70.2","140.4","ダイソウ工業株式会社","","","",""
"Y55","1","E820T2","XXXXX","XXX","1266","HH495","42292816","T0422928160Y","FF422928160Y","X","YD40002154","000","20251105","T3","3","7","","","","ﾃｨｴﾗ","SCMｿｳｺﾆｳｹ","209330","","","","8","0","","","TA0","","","","4","","","","ﾏﾙﾕｳ","","","","","","","TA0","ブラケット","BRACKET","","000","YD40002154","0.08","0.24","ダイソウ工業株式会社","","","",""
"Y55","1","E820T2","XXXXX","XXX","1266","HH495","42292820","T0422928200T","FF422928200T","X","YD40006630","003","20251105","T3","2","7","","","","ﾃｨｴﾗ","KA9699ﾆｳｹ","KA9699","","","","8","3","","","TA0","","","","4","","","","ﾏﾙﾕｳ","","","","","","","TA0","フロア","FLOOR","","003","YD40006630A001","70.2","140.4","ダイソウ工業株式会社","","","",""
"Y55","1","E820T2","XXXXX","XXX","1266","HH495","42292827","T04229282700","FF4229282700","X","YD40006630","003","20251105","T3","2","7","","","","ﾃｨｴﾗ","KA9699ﾆｳｹ","KA9699","","","","8","3","","","TA0","","","","4","","","","ﾏﾙﾕｳ","","","","","","","TA0","フロア","FLOOR","","003","YD40006630A001","70.2","140.4","ダイソウ工業株式会社","","","",""
"Y55","1","E820T2","XXXXX","XXX","1266","HH495","42292833","T0422928330X","FF422928330X","X","YD40006630","003","20251105","T3","2","7","","","","ﾃｨｴﾗ","KA9699ﾆｳｹ","KA9699","","","","8","3","","","TA0","","","","4","","","","ﾏﾙﾕｳ","","","","","","","TA0","フロア","FLOOR","","003","YD40006630A001","70.2","140.4","ダイソウ工業株式会社","","","",""
"Y55","1","E820T2","XXXXX","XXX","1266","HH495","42292839","T04229283903","FF4229283903","X","YD40006630","003","20251105","T3","2","7","","","","ﾃｨｴﾗ","KA9699ﾆｳｹ","KA9699","","","","8","3","","","TA0","","","","4","","","","ﾏﾙﾕｳ","","","","","","","TA0","フロア","FLOOR","","003","YD40006630A001","70.2","140.4","ダイソウ工業株式会社","","","",""
"Y55","1","E820T2","XXXXX","XXX","1266","HH495","42292844","T0422928440Z","FF422928440Z","X","YD40006630","003","20251105","T3","2","7","","","","ﾃｨｴﾗ","KA9699ﾆｳｹ","KA9699","","","","8","3","","","TA0","","","","4","","","","ﾏﾙﾕｳ","","","","","","","TA0","フロア","FLOOR","","003","YD40006630A001","70.2","140.4","ダイソウ工業株式会社","","","",""
"Y55","1","E820T2","XXXXX","XXX","1266","HH495","42292971","T04229297100","FF4229297100","X","YD40004834","003","20251105","T3","3","7","","","","ﾃｨｴﾗ","KA9515ﾆｳｹ","KA9515","","","","8","0","","","TA0","","","","4","","","","ﾏﾙﾕｳ","","","","","","","TA0","ブラケット","BRACKET","","001","YD40004834","14.8","44.4","ダイソウ工業株式会社","","","",""
"Y55","1","E820T2","XXXXX","XXX","1266","HH495","42293064","T0422930640U","FF422930640U","X","YD40006851","003","20251105","T3","4","7","","","","ﾃｨｴﾗ","KA9593ﾆｳｹ","KA9593","","","","8","0","","","TA0","","","","4","","","","ﾏﾙﾕｳ","","","","","","","TA0","カバー","COVER","","003","YD40006851A001","2.96","11.84","ダイソウ工業株式会社","","","",""
"Y55","1","E820T2","XXXXX","XXX","1266","HH495","42293101","T0422931010M","FF422931010M","X","YD40005033","001","20251105","T3","14","7","","","","ﾃｨｴﾗ","SCMｿｳｺﾆｳｹ","109225","","","","8","0","","","TA0","","","","4","","","","ﾏﾙﾕｳ","","","","","","","TA0","カバー","COVER","","000","YD40005033","0.452","6.328","ダイソウ工業株式会社","","","",""
"Y55","1","E820T2","XXXXX","XXX","1266","HH495","42293236","T0422932360V","FF422932360V","X","YD40003683","002","20251106","T3","2","7","","00100010","","ﾃｨｴﾗ","ｼｶﾞﾆｳｹ","MP9000","","","","8","0","","","TA0","","","","4","","","","ﾏﾙﾕｳ","","","","5C0009673056","","","TA0","ブレード","BLADE","","002","YD40003683_0010-0010","","","ダイソウ工業株式会社","","","",""
"Y55","1","E820T2","XXXXX","XXX","1266","HH495","42293245","T0422932450V","FF422932450V","X","YD40003685","002","20251106","T3","2","7","","00100010","","ﾃｨｴﾗ","ｼｶﾞﾆｳｹ","MP9000","","","","8","3","","","TA0","","","","4","","","","ﾏﾙﾕｳ","","","","5C0009673058","","","TA0","ブレード","BLADE","","001","YD40003685_0010-0010","","","ダイソウ工業株式会社","","","",""
"Y55","1","E820T2","XXXXX","XXX","1266","HH495","42293293","T0422932930Y","FF422932930Y","X","YD40003335","003","20251105","T3","3","7","","","","ﾃｨｴﾗ","KA9593ﾆｳｹ","KA9593","","","","8","0","","","TA0","","","","4","","","","ﾏﾙﾕｳ","","","","","","","TA0","ブラケット","BRACKET","","001","YD40003335A001","5.18","15.54","ダイソウ工業株式会社","","","",""
"Y55","1","E820T2","XXXXX","XXX","1266","HH495","42293584","T04229358401","FF4229358401","X","YD40004760","000","20251105","T3","2","7","","","","ﾃｨｴﾗ","KA9593ﾆｳｹ","KA9593","","","","8","0","","","TA0","","","","4","","","","ﾏﾙﾕｳ","","","","","","","TA0","ブラケット","BRACKET","","000","YD40004760A001","5.61","11.22","ダイソウ工業株式会社","","","",""
"Y55","1","E820T2","XXXXX","XXX","1266","HH495","42293623","T0422936230V","FF422936230V","X","YD40004833","004","20251105","T3","26","7","","","","ﾃｨｴﾗ","KA9515ﾆｳｹ","KA9515","","","","8","0","","","TA0","","","","4","","","","ﾏﾙﾕｳ","","","","","","","TA0","ブラケット","BRACKET","","001","YD40004833","14.1","366.6","ダイソウ工業株式会社","","","",""
"Y55","1","E820T2","XXXXX","XXX","1266","HH495","42293909","T04229390902","FF4229390902","X","YD40000479","002","20251105","T3","17","7","","","","ﾃｨｴﾗ","SCMｿｳｺﾆｳｹ","104247","","","","8","0","","","TA0","","","","4","","","","ﾏﾙﾕｳ","","","","","","","TA0","ブラケット","BRACKET","","000","YD40000479","0.14","2.38","ダイソウ工業株式会社","","","",""
"Y55","1","E820T2","XXXXX","XXX","1266","HH495","42294111","T0422941110O","FF422941110O","X","YD40007287","003","20251105","T3","1","7","","","","ﾃｨｴﾗ","KA9593ﾆｳｹ","KA9593","","","","8","0","","","TA0","","","","4","","","","ﾏﾙﾕｳ","","","","","","","TA0","スタンド","STAND","","003","YD40007287A001","11.9","11.9","ダイソウ工業株式会社","","","",""
"Y55","1","E820T2","XXXXX","XXX","1266","HH495","42294136","T0422941360V","FF422941360V","X","YD40006245","006","20251105","T3","18","7","","","","ﾃｨｴﾗ","KA9699ﾆｳｹ","KA9699","","","","8","3","","","TA0","","","","4","","","","ﾏﾙﾕｳ","","","","","","","TA0","フロア","FLOOR","","006","YD40006245A001","70.1","1261.8","ダイソウ工業株式会社","","","",""
"Y55","1","E820T2","XXXXX","XXX","1266","HH495","42294343","T0422943430V","FF422943430V","X","YD60009783","002","20251106","T3","1","7","","00100010","","ﾃｨｴﾗ","ｼｶﾞﾆｳｹ","MP9000","","","","8","0","","","TA0","","","","4","","","","ﾏﾙﾕｳ","","","","5C0009670547","","","TA0","タンク；オイル","TANK;OIL","002","005","YD60009783A002_0010-0010","","","ダイソウ工業株式会社","","","",""
"Y55","1","E820T2","XXXXX","XXX","1266","HH495","42294353","T0422943530W","FF422943530W","X","YD40006495","004","20251105","T3","3","7","","","","ﾃｨｴﾗ","KA9593ﾆｳｹ","KA9593","","","","8","3","","","TA0","","","","4","","","","ﾏﾙﾕｳ","","","","","","","TA0","ブラケット","BRACKET","","004","YD40006495A001","30.5","91.5","ダイソウ工業株式会社","","","",""
"Y55","1","E820T2","XXXXX","XXX","1266","HH495","42294431","T0422944310T","FF422944310T","X","YD60009848","004","20251106","T3","1","7","","00100010","","ﾃｨｴﾗ","ｼｶﾞﾆｳｹ","MP9000","","","","8","0","","","TA0","","","","4","","","","ﾏﾙﾕｳ","","","","5C0009670548","","","TA0","タンク；オイル","TANK;OIL","002","005","YD60009848A002_0010-0010","","","ダイソウ工業株式会社","","","",""
"Y55","1","E820T2","XXXXX","XXX","1266","HH495","42294499","T04229449907","FF4229449907","X","YD60008491","005","20251106","T3","6","7","","00100010","","ﾃｨｴﾗ","ｼｶﾞﾆｳｹ","MP9000","","","","8","0","","","TA0","","","","4","","","","ﾏﾙﾕｳ","","","","5C0009670545","","","TA0","タンク；オイル","TANK;OIL","005","012","YD60008491A002_0010-0010","","","ダイソウ工業株式会社","","","",""
"Y55","1","E820T2","XXXXX","XXX","1266","HH495","42294505","T0422945050V","FF422945050V","X","YD60008491","005","20251106","T3","6","7","","00100010","","ﾃｨｴﾗ","ｼｶﾞﾆｳｹ","MP9000","","","","8","0","","","TA0","","","","4","","","","ﾏﾙﾕｳ","","","","5C0009670546","","","TA0","タンク；オイル","TANK;OIL","005","012","YD60008491A002_0010-0010","","","ダイソウ工業株式会社","","","",""
"Y55","1","E820T2","XXXXX","XXX","1266","HH495","42294703","T0422947030V","FF422947030V","X","YD40002457","004","20251106","T3","5","7","","00100010","","ﾃｨｴﾗ","ｼｶﾞﾆｳｹ","MP9000","","","","8","3","","","TA0","","","","4","","","","ﾏﾙﾕｳ","","","","5C0009672221","","","TA0","ブレード","BLADE","","000","YD40002457_0010-0010","","","ダイソウ工業株式会社","","","",""
"Y55","1","E820T2","XXXXX","XXX","1266","HH495","42294711","T0422947110U","FF422947110U","X","YD40002458","004","20251106","T3","5","7","","00100010","","ﾃｨｴﾗ","ｼｶﾞﾆｳｹ","MP9000","","","","8","3","","","TA0","","","","4","","","","ﾏﾙﾕｳ","","","","5C0009672222","","","TA0","ブレード","BLADE","","000","YD40002458_0010-0010","","","ダイソウ工業株式会社","","","",""
"Y55","1","E820T2","XXXXX","XXX","1266","HH495","42295363","T0422953630Y","FF422953630Y","X","YD40003684","002","20251106","T3","2","7","","00100010","","ﾃｨｴﾗ","ｼｶﾞﾆｳｹ","MP9000","","","","8","3","","","TA0","","","","4","","","","ﾏﾙﾕｳ","","","","5C0009673057","","","TA0","ブレード","BLADE","","001","YD40003684_0010-0010","","","ダイソウ工業株式会社","","","",""
"Y55","1","E820T2","XXXXX","XXX","1266","HH495","42295727","T04229572702","FF4229572702","X","YD40005072","001","20251105","T3","3","7","","","","ﾃｨｴﾗ","KA9593ﾆｳｹ","KA9593","","","","8","3","","","TA0","","","","4","","","","ﾏﾙﾕｳ","","","","","","","TA0","ブラケット","BRACKET","","001","YD40005072A001","30.2","90.6","ダイソウ工業株式会社","","","",""
"Y55","1","E820T2","XXXXX","XXX","1266","HH495","42296272","T0422962720Y","FF422962720Y","X","YD40008387","000","20251105","T3","1","7","","","","ﾃｨｴﾗ","KA9593ﾆｳｹ","KA9593","","","","8","3","","","TA0","","","","4","","","","ﾏﾙﾕｳ","","","","","","","TA0","ブラケット","BRACKET","","000","YD40008387A001","29.1","29.1","ダイソウ工業株式会社","","","",""
"Y55","1","E820T2","XXXXX","XXX","1266","HH495","42296329","T04229632901","FF4229632901","X","YD60000441","003","20251106","T3","6","7","","00100010","","ﾃｨｴﾗ","ｼｶﾞﾆｳｹ","MP9000","","","","8","0","","","TA0","","","","4","","","","ﾏﾙﾕｳ","","","","5C0009670531","","","TA0","タンク；オイル","TANK;OIL","004","003","YD60000441A002_0010-0010","","","ダイソウ工業株式会社","","","",""
"Y55","1","E820T2","XXXXX","XXX","1266","HH495","42296563","T04229656301","FF4229656301","X","YD60011305","001","20251106","T3","2","7","","00100010","","ﾃｨｴﾗ","ｼｶﾞﾆｳｹ","MP9000","","","","8","0","","","TA0","","","","4","","","","ﾏﾙﾕｳ","","","","5C0009670560","","","TA0","タンク；オイル","TANK;OIL","001","002","YD60011305A002_0010-0010","","","ダイソウ工業株式会社","","","",""
